{
  "mean_rank": 397.0170567538626,
  "hits@k": {
    "1": 0.003824384274131865,
    "3": 0.156264341441028,
    "5": 0.2657947070521646,
    "10": 0.4296313293559737
  }
}