{
  "mean_rank": 90.6250573657641,
  "hits@k": {
    "1": 0.37318341746978734,
    "3": 0.8705063484778951,
    "5": 0.8936821171791342,
    "10": 0.9121921370659324
  }
}