{
  "mean_rank": 141.6356891540462,
  "hits@k": {
    "1": 0.3316506042527153,
    "3": 0.913109989291724,
    "5": 0.9256539697108765,
    "10": 0.9356738565091021
  }
}