{
  "mean_rank": 443.8267553923818,
  "hits@k": {
    "1": 0.012467492733669878,
    "3": 0.02807098057212789,
    "5": 0.038243842741318645,
    "10": 0.06394370506348478
  }
}